{"interaction_classes": ["lean_on", "watch", "above", "next_to", "behind", "away", "towards", "in_front_of", "hit", "hold", "wave", "pat", "carry", "point_to", "touch", "play(instrument)", "release", "ride", "grab", "lift", "use", "press", "inside", "caress", "pull", "get_on", "cut", "hug", "bite", "open", "close", "throw", "kick", "drive", "get_off", "push", "wave_hand_to", "feed", "chase", "kiss", "speak_to", "beneath", "smell", "clean", "lick", "squeeze", "shake_hand_with", "knock", "hold_hand_of", "shout_at"], "num_train_pairs": 0, "num_val_pairs": 120640, "interaction_train_hist": [0.0, 0.0, 0.0, 0.0, 0.0, 0.0, 0.0, 0.0, 0.0, 0.0, 0.0, 0.0, 0.0, 0.0, 0.0, 0.0, 0.0, 0.0, 0.0, 0.0, 0.0, 0.0, 0.0, 0.0, 0.0, 0.0, 0.0, 0.0, 0.0, 0.0, 0.0, 0.0, 0.0, 0.0, 0.0, 0.0, 0.0, 0.0, 0.0, 0.0, 0.0, 0.0, 0.0, 0.0, 0.0, 0.0, 0.0, 0.0, 0.0, 0.0], "interaction_val_hist": [5341.0, 11942.0, 4826.0, 57114.0, 13782.0, 3436.0, 3086.0, 41195.0, 38.0, 3014.0, 52.0, 103.0, 624.0, 104.0, 273.0, 1972.0, 49.0, 1269.0, 71.0, 109.0, 233.0, 172.0, 1087.0, 282.0, 243.0, 9.0, 66.0, 1063.0, 162.0, 5.0, 2.0, 14.0, 32.0, 133.0, 9.0, 344.0, 52.0, 67.0, 44.0, 40.0, 1000.0, 981.0, 0.0, 63.0, 2.0, 13.0, 4.0, 2.0, 999.0, 15.0], "weight_train_spatial": [1.0, 1.0, 1.0, 1.0, 1.0, 1.0, 1.0, 1.0], "weight_train_action": [1.0, 1.0, 1.0, 1.0, 1.0, 1.0, 1.0, 1.0, 1.0, 1.0, 1.0, 1.0, 1.0, 1.0, 1.0, 1.0, 1.0, 1.0, 1.0, 1.0, 1.0, 1.0, 1.0, 1.0, 1.0, 1.0, 1.0, 1.0, 1.0, 1.0, 1.0, 1.0, 1.0, 1.0, 1.0, 1.0, 1.0, 1.0, 1.0, 1.0, 1.0, 1.0], "weight_val_spatial": [0.0028098052038163204, 0.00023742199659658865, 0.0009839007338280049, 0.003946484258910816, 0.0043940764464088025, 0.0003291690718198219, 0.012474811328075036, 0.013822752205522492], "weight_val_action": [0.0025388728540755596, 0.001135498234267088, 0.3568452608846727, 0.004499044430530048, 0.26077153680033777, 0.13165164964677245, 0.021730961400028146, 0.13038576840016888, 0.04967076891435005, 0.006876328556601199, 0.27673714109423597, 0.010685673690793982, 0.1909876044171488, 0.12440476984970245, 0.05819793954342302, 0.07883790647452073, 0.04808553160857292, 0.055802962607479696, 1.5066799904019514, 0.20545636232753883, 0.012756462759753118, 0.08370444391121953, 2.7120239827235126, 6.780059956808781, 0.9685799938298258, 0.4237537473005488, 0.1019557888241922, 1.5066799904019514, 0.039418953237260364, 0.26077153680033777, 0.20238984945697858, 0.30818454349130825, 0.3390029978404391, 0.013560119913617566, 13.560119913617562, 0.2152399986288502, 6.780059956808781, 1.043086147201351, 3.3900299784043906, 6.780059956808781, 0.013573693607224789, 0.9040079942411708]}