{"interaction_classes": ["lean_on", "watch", "above", "next_to", "behind", "away", "towards", "in_front_of", "hit", "hold", "wave", "pat", "carry", "point_to", "touch", "play(instrument)", "release", "ride", "grab", "lift", "use", "press", "inside", "caress", "pull", "get_on", "cut", "hug", "bite", "open", "close", "throw", "kick", "drive", "get_off", "push", "wave_hand_to", "feed", "chase", "kiss", "speak_to", "beneath", "smell", "clean", "lick", "squeeze", "shake_hand_with", "knock", "hold_hand_of", "shout_at"], "num_train_pairs": 1071957, "num_val_pairs": 13660, "interaction_train_hist": [42880.0, 105393.0, 40787.0, 495432.0, 125083.0, 31186.0, 29745.0, 379620.0, 829.0, 26346.0, 1317.0, 718.0, 5269.0, 463.0, 1534.0, 21052.0, 470.0, 12356.0, 571.0, 724.0, 3331.0, 1286.0, 6835.0, 2346.0, 1182.0, 108.0, 156.0, 10646.0, 864.0, 36.0, 25.0, 80.0, 191.0, 634.0, 78.0, 1552.0, 242.0, 1210.0, 479.0, 542.0, 8340.0, 5709.0, 30.0, 413.0, 8.0, 241.0, 82.0, 21.0, 6629.0, 131.0], "interaction_val_hist": [568.0, 1589.0, 552.0, 5882.0, 1903.0, 590.0, 607.0, 4962.0, 8.0, 469.0, 19.0, 25.0, 139.0, 3.0, 11.0, 223.0, 4.0, 253.0, 14.0, 37.0, 25.0, 73.0, 93.0, 15.0, 40.0, 0.0, 0.0, 163.0, 3.0, 0.0, 1.0, 5.0, 0.0, 16.0, 0.0, 56.0, 20.0, 21.0, 6.0, 10.0, 97.0, 77.0, 0.0, 0.0, 0.0, 1.0, 2.0, 0.0, 190.0, 2.0], "weight_train_spatial": [0.013510910740457117, 0.01328222496712641, 0.013282274025724721, 0.013896624426698782, 0.0139969862242482, 0.01328222496712641, 0.026823548151394407, 0.030533890195108455], "weight_train_action": [0.013467120702936028, 0.013282576441461155, 0.16694469626178418, 0.014308705938726173, 0.1076339331667561, 0.19170053766419798, 0.03242864666846735, 0.2935511260129382, 0.09339207658067242, 0.015124519802795422, 0.2892795361705755, 0.01872429948908246, 0.23930607957178737, 0.19016821857481012, 0.0468817365833989, 0.11006149966328901, 0.06351419889236389, 0.11913706945403826, 1.2364272193577897, 0.8580404856059434, 0.020273483280678163, 0.16045850642458073, 3.695967554241212, 5.319268217675958, 1.6668450733348372, 0.7020319320256243, 0.21619962711379673, 1.7094139572258824, 0.09238990288186538, 0.5554927276797623, 0.11653998126736247, 0.28397097568099183, 0.25174835198788054, 0.023478877518354004, 4.433831381475568, 0.32827425611704186, 16.60859305402205, 0.5577698984374672, 1.6263527311643537, 6.331196220232084, 0.02740510450749372, 1.0205152194034612], "weight_val_spatial": [0.02082291774485235, 0.0025148534173350025, 0.006453270811710855, 0.019518480148403804, 0.01898780680313782, 0.0028589004203815895, 0.12080467266131686, 0.1457904228425325], "weight_val_action": [0.020252401828764595, 0.00761157185949501, 1.3984031844683886, 0.02440735635206463, 0.589125213929299, 0.4478694607330508, 0.08101191103309867, 2.2371095231324474, 1.017173045780931, 0.050708111814656495, 2.2371095231324474, 0.0447621224754635, 0.7993272642280199, 0.30279603888544054, 0.4478694607330508, 0.15374822335348837, 0.7460760756670226, 0.28012832720661895, 2.2371095231324474, 2.2371095231324474, 0.06916652243272535, 2.2371095231324474, 2.2371095231324474, 2.2371095231324474, 2.2371095231324474, 2.2371095231324474, 0.6994812868411534, 2.2371095231324474, 0.20025167950340614, 0.5596969296834203, 0.5330713400628917, 1.8643511472863405, 1.11883441423367, 0.11584616806953392, 2.2371095231324474, 2.2371095231324474, 2.2371095231324474, 2.2371095231324474, 2.2371095231324474, 2.2371095231324474, 0.059417523436729236, 2.2371095231324474]}