{"interaction_classes": ["looking_at", "not_looking_at", "unsure", "above", "beneath", "in_front_of", "behind", "on_the_side_of", "in", "carrying", "covered_by", "drinking_from", "eating", "have_it_on_the_back", "holding", "leaning_on", "lying_on", "not_contacting", "other_relationship", "sitting_on", "standing_on", "touching", "twisting", "wearing", "wiping", "writing_on"], "num_train_pairs": 357596, "num_val_pairs": 19182, "interaction_train_hist": [137233.0, 183489.0, 36874.0, 4418.0, 55426.0, 241800.0, 44108.0, 66243.0, 12241.0, 3858.0, 3882.0, 4163.0, 3059.0, 310.0, 148946.0, 11008.0, 3208.0, 99745.0, 8318.0, 38624.0, 7241.0, 49550.0, 86.0, 6363.0, 745.0, 1041.0], "interaction_val_hist": [7398.0, 9881.0, 1903.0, 235.0, 2800.0, 12831.0, 2305.0, 3652.0, 698.0, 154.0, 205.0, 215.0, 155.0, 4.0, 8064.0, 522.0, 202.0, 5390.0, 431.0, 1952.0, 368.0, 2651.0, 2.0, 403.0, 27.0, 61.0], "weight_train_attention": [0.12217785656946774, 0.12217772399316076, 0.12531464881723167], "weight_train_spatial": [0.34210418833533146, 0.12265795874855222, 0.12217772268551094, 0.12367953603286524, 0.12234010100166579, 0.17305729516253163], "weight_train_contacting": [0.381678209676914, 0.3797446849186919, 0.35878555441982374, 0.46358284081483936, 4.002424294422549, 0.12217776417956396, 0.1830615329637808, 0.4451838603270351, 0.12218341023293514, 0.21633833321499313, 0.124800204053628, 0.23712001532659588, 0.12304473702244524, 14.267178018605849, 0.2595275179799862, 1.7017347812606638, 1.2357472092333868], "weight_val_attention": [0.12217785656946774, 0.12217772399316076, 0.12531464881723167], "weight_val_spatial": [0.34210418833533146, 0.12265795874855222, 0.12217772268551094, 0.12367953603286524, 0.12234010100166579, 0.17305729516253163], "weight_val_contacting": [0.381678209676914, 0.3797446849186919, 0.35878555441982374, 0.46358284081483936, 4.002424294422549, 0.12217776417956396, 0.1830615329637808, 0.4451838603270351, 0.12218341023293514, 0.21633833321499313, 0.124800204053628, 0.23712001532659588, 0.12304473702244524, 14.267178018605849, 0.2595275179799862, 1.7017347812606638, 1.2357472092333868]}